trend,location
Obrigadaaa,
Harry Kane,Brazil
Rublev,Brazil
"""Legendary""",Brazil
CARLA DIAZ NA LIVE I&R,Brazil
Pacto,Brazil
WE LOVE YOU KATY,Brazil
MOAs ARE PROUD OF TXT,Brazil
#TheFalconAndTheWinterSoldier,Brazil
Tetê,Brazil
Parabénssss,Brazil
Dylan,Brazil
Meredith,Brazil
Polly,Brazil
winwin,Brazil
UFMG,Brazil
Sextou,Brazil
Renan Calheiros,Brazil
Narcisa Malfoy,Brazil
BBB NÃO É CARIDADE,Brazil
Helen McCrory,Brazil
Celine,Brazil
Nadal,Brazil
julia minegirl,Brazil
sam wilson,Brazil
#TaisonDay,Brazil
Bucky,Brazil
Federal,Brazil
#HarryPotter,Brazil
Falcão,Brazil
Paulo Câmara,Brazil
UFJF,Brazil
CAPES,Brazil
Penny Dreadful,Brazil
Simaria,Brazil
NATTI NATASHA,Brazil
Bruno Covas,Brazil
UFRJ,Brazil
Nesk,Brazil
CINCO MILHOES DA MIIH,Brazil
Kiraz,Brazil
SIGA LOUD LZINN NO IG,Brazil
Nilmar,Brazil
Danrley,Brazil
#PremierLeagueNaESPN,Brazil
Obrigadooo,Brazil
#explicaeday,Brazil
Peralta,Brazil
Parabeeeens,Brazil
Xamã,Brazil